Year;race_ethnicity;date;milestone
1928;White;;
1928;White;;
1928;White;;
1928;White;;
1928;White;;
1928;White;;
1928;White;;
1928;White;;
1928;White;;
1928;White;;
1929;White;;
1929;White;;
1929;White;;
1929;White;;
1929;White;;
1929;White;;
1929;White;;
1929;White;;
1929;White;;
1929;White;;
1929;White;;
1929;White;;
1929;White;;
1929;White;;
1929;White;;
1929;White;;
1930;White;;
1930;White;;
1930;White;;
1930;White;;
1930;White;;
1930;White;;
1930;White;;
1930;White;;
1930;White;;
1930;White;;
1930;White;;
1930;White;;
1930;White;;
1930;White;;
1930;White;;
1930;White;;
1930;White;;
1930;White;;
1931;White;;
1931;White;;
1931;White;;
1931;White;;
1931;White;;
1931;White;;
1931;White;;
1931;White;;
1931;White;;
1931;White;;
1931;White;;
1931;White;;
1931;White;;
1931;White;;
1931;White;;
1932;White;;
1932;White;;
1932;White;;
1932;White;;
1932;White;;
1932;White;;
1932;White;;
1932;White;;
1932;White;;
1933;White;;
1933;White;;
1933;White;;
1933;White;;
1933;White;;
1933;White;;
1933;White;;
1933;White;;
1933;White;;
1934;White;;
1934;White;;
1934;White;;
1934;White;;
1934;White;;
1934;White;;
1934;White;;
1934;White;;
1934;White;;
1934;White;;
1935;White;;
1935;White;;
1935;White;;
1935;White;;
1935;White;;
1935;White;;
1935;White;;
1935;White;;
1935;White;;
1935;Asian;;
1935;White;;
1935;White;;
1935;White;;
1935;White;;
1935;White;;
1936;White;;
1936;White;;
1936;White;;
1936;White;;
1936;White;;
1936;White;;
1936;White;;
1936;White;;
1936;White;;
1936;White;;
1936;White;;
1936;White;;
1936;White;;
1936;White;;
1936;White;;
1936;White;;
1936;White;;
1936;White;;
1936;White;;
1936;White;;
1936;White;;
1936;White;;
1936;White;;
1936;White;;
1936;White;;
1937;White;;
1937;White;;
1937;White;;
1937;White;;
1937;White;;
1937;White;;
1937;White;;
1937;White;;
1937;White;;
1937;White;;
1937;White;;
1937;White;;
1937;White;;
1937;White;;
1937;White;;
1937;White;;
1937;White;;
1937;White;;
1937;White;;
1937;White;;
1937;White;;
1937;White;;
1937;White;;
1937;White;;
1937;White;;
1938;White;;
1938;White;;
1938;White;;
1938;White;;
1938;White;;
1938;White;;
1938;White;;
1938;White;;
1938;White;;
1938;White;;
1938;White;;
1938;White;;
1938;White;;
1938;White;;
1938;White;;
1938;White;;
1938;White;;
1938;White;;
1938;White;;
1938;White;;
1938;White;;
1938;White;;
1938;White;;
1938;White;;
1938;White;;
1939;White;;
1939;White;;
1939;White;;
1939;White;;
1939;White;;
1939;White;;
1939;White;;
1939;White;;
1939;White;;
1939;White;;
1939;White;;
1939;White;;
1939;White;;
1939;White;;
1939;White;;
1939;White;;
1939;White;;
1939;Black;;
1939;White;;
1939;White;;
1939;White;;
1939;White;;
1939;White;;
1939;White;;
1939;White;;
1940;White;;
1940;White;;
1940;White;;
1940;White;;
1940;White;;
1940;White;;
1940;White;;
1940;White;;
1940;White;;
1940;White;;
1940;White;;
1940;White;;
1940;White;;
1940;White;;
1940;White;;
1940;White;;
1940;White;;
1940;White;;
1940;White;;
1940;White;;
1940;White;;
1940;White;;
1940;White;;
1940;White;;
1940;White;;
1941;White;1941;Africanâ€“Americans in WWII                             
1941;White;1941;Africanâ€“Americans in WWII                             
1941;White;1941;Africanâ€“Americans in WWII                             
1941;White;1941;Africanâ€“Americans in WWII                             
1941;White;1941;Africanâ€“Americans in WWII                             
1941;White;1941;Africanâ€“Americans in WWII                             
1941;White;1941;Africanâ€“Americans in WWII                             
1941;White;1941;Africanâ€“Americans in WWII                             
1941;White;1941;Africanâ€“Americans in WWII                             
1941;White;1941;Africanâ€“Americans in WWII                             
1941;White;1941;Africanâ€“Americans in WWII                             
1941;White;1941;Africanâ€“Americans in WWII                             
1941;White;1941;Africanâ€“Americans in WWII                             
1941;White;1941;Africanâ€“Americans in WWII                             
1941;White;1941;Africanâ€“Americans in WWII                             
1941;White;1941;Africanâ€“Americans in WWII                             
1941;White;1941;Africanâ€“Americans in WWII                             
1941;White;1941;Africanâ€“Americans in WWII                             
1941;White;1941;Africanâ€“Americans in WWII                             
1941;White;1941;Africanâ€“Americans in WWII                             
1941;White;1941;Africanâ€“Americans in WWII                             
1941;White;1941;Africanâ€“Americans in WWII                             
1941;White;1941;Africanâ€“Americans in WWII                             
1941;White;1941;Africanâ€“Americans in WWII                             
1941;White;1941;Africanâ€“Americans in WWII                             
1942;White;;
1942;White;;
1942;White;;
1942;White;;
1942;White;;
1942;White;;
1942;White;;
1942;White;;
1942;White;;
1942;White;;
1942;White;;
1942;White;;
1942;White;;
1942;White;;
1942;White;;
1942;White;;
1942;White;;
1942;White;;
1942;White;;
1942;White;;
1942;White;;
1942;White;;
1942;White;;
1942;White;;
1942;White;;
1943;White;;
1943;White;;
1943;White;;
1943;White;;
1943;White;;
1943;White;;
1943;White;;
1943;White;;
1943;White;;
1943;White;;
1943;White;;
1943;White;;
1943;White;;
1943;White;;
1943;White;;
1943;White;;
1943;White;;
1943;White;;
1943;White;;
1943;White;;
1943;White;;
1943;White;;
1943;White;;
1943;White;;
1943;White;;
1944;White;;
1944;White;;
1944;White;;
1944;White;;
1944;White;;
1944;White;;
1944;White;;
1944;White;;
1944;White;;
1944;White;;
1944;White;;
1944;White;;
1944;White;;
1944;White;;
1944;White;;
1944;White;;
1944;White;;
1944;White;;
1944;White;;
1944;White;;
1944;White;;
1944;White;;
1944;White;;
1944;White;;
1944;White;;
1945;White;;
1945;White;;
1945;White;;
1945;White;;
1945;White;;
1945;White;;
1945;White;;
1945;White;;
1945;White;;
1945;White;;
1945;White;;
1945;White;;
1945;White;;
1945;White;;
1945;White;;
1945;White;;
1945;White;;
1945;White;;
1945;White;;
1945;White;;
1945;White;;
1945;White;;
1945;White;;
1945;White;;
1945;White;;
1946;White;;
1946;White;;
1946;White;;
1946;White;;
1946;White;;
1946;White;;
1946;White;;
1946;White;;
1946;White;;
1946;White;;
1946;White;;
1946;White;;
1946;White;;
1946;White;;
1946;White;;
1946;White;;
1946;White;;
1946;White;;
1946;White;;
1946;White;;
1946;White;;
1946;White;;
1946;White;;
1946;White;;
1946;White;;
1947;White;1947;Jackie Robinson                                         
1947;White;1947;Jackie Robinson                                         
1947;White;1947;Jackie Robinson                                         
1947;White;1947;Jackie Robinson                                         
1947;White;1947;Jackie Robinson                                         
1947;White;1947;Jackie Robinson                                         
1947;White;1947;Jackie Robinson                                         
1947;White;1947;Jackie Robinson                                         
1947;White;1947;Jackie Robinson                                         
1947;White;1947;Jackie Robinson                                         
1947;White;1947;Jackie Robinson                                         
1947;White;1947;Jackie Robinson                                         
1947;White;1947;Jackie Robinson                                         
1947;White;1947;Jackie Robinson                                         
1947;White;1947;Jackie Robinson                                         
1947;White;1947;Jackie Robinson                                         
1947;White;1947;Jackie Robinson                                         
1947;White;1947;Jackie Robinson                                         
1947;White;1947;Jackie Robinson                                         
1947;White;1947;Jackie Robinson                                         
1947;White;1947;Jackie Robinson                                         
1947;White;1947;Jackie Robinson                                         
1947;White;1947;Jackie Robinson                                         
1947;White;1947;Jackie Robinson                                         
1947;White;1947;Jackie Robinson                                         
1948;White;;
1948;White;;
1948;White;;
1948;White;;
1948;White;;
1948;White;;
1948;White;;
1948;Hispa;;
1948;White;;
1948;White;;
1948;White;;
1948;White;;
1948;White;;
1948;White;;
1948;White;;
1948;White;;
1948;White;;
1948;White;;
1948;White;;
1948;White;;
1948;White;;
1948;White;;
1948;White;;
1948;White;;
1948;White;;
1949;White;;
1949;White;;
1949;White;;
1949;White;;
1949;White;;
1949;White;;
1949;White;;
1949;White;;
1949;White;;
1949;White;;
1949;White;;
1949;White;;
1949;White;;
1949;White;;
1949;White;;
1949;White;;
1949;White;;
1949;White;;
1949;Black;;
1949;White;;
1949;White;;
1949;White;;
1949;White;;
1949;White;;
1949;White;;
1950;White;;
1950;Hispa;;
1950;White;;
1950;White;;
1950;White;;
1950;White;;
1950;White;;
1950;White;;
1950;White;;
1950;White;;
1950;White;;
1950;White;;
1950;White;;
1950;White;;
1950;White;;
1950;White;;
1950;White;;
1950;White;;
1950;White;;
1950;White;;
1950;White;;
1950;White;;
1950;White;;
1950;White;;
1950;White;;
1951;White;;
1951;White;;
1951;White;;
1951;White;;
1951;White;;
1951;White;;
1951;White;;
1951;White;;
1951;White;;
1951;White;;
1951;White;;
1951;White;;
1951;White;;
1951;White;;
1951;White;;
1951;White;;
1951;White;;
1951;White;;
1951;White;;
1951;White;;
1951;White;;
1951;White;;
1951;White;;
1951;White;;
1951;White;;
1952;White;;
1952;White;;
1952;Hispa;;
1952;White;;
1952;White;;
1952;Hispa;;
1952;White;;
1952;White;;
1952;White;;
1952;White;;
1952;White;;
1952;White;;
1952;White;;
1952;White;;
1952;White;;
1952;White;;
1952;White;;
1952;White;;
1952;White;;
1952;White;;
1952;White;;
1952;White;;
1952;White;;
1952;White;;
1952;White;;
1953;White;;
1953;White;;
1953;White;;
1953;White;;
1953;White;;
1953;White;;
1953;White;;
1953;White;;
1953;White;;
1953;White;;
1953;White;;
1953;White;;
1953;White;;
1953;White;;
1953;White;;
1953;White;;
1953;White;;
1953;White;;
1953;White;;
1953;White;;
1953;White;;
1953;White;;
1953;White;;
1953;White;;
1953;White;;
1954;White;1954;Brown v. Board Of Education                             
1954;White;1954;Brown v. Board Of Education                             
1954;White;1954;Brown v. Board Of Education                             
1954;White;1954;Brown v. Board Of Education                             
1954;White;1954;Brown v. Board Of Education                             
1954;White;1954;Brown v. Board Of Education                             
1954;White;1954;Brown v. Board Of Education                             
1954;White;1954;Brown v. Board Of Education                             
1954;White;1954;Brown v. Board Of Education                             
1954;White;1954;Brown v. Board Of Education                             
1954;White;1954;Brown v. Board Of Education                             
1954;Black;1954;Brown v. Board Of Education                             
1954;White;1954;Brown v. Board Of Education                             
1954;White;1954;Brown v. Board Of Education                             
1954;White;1954;Brown v. Board Of Education                             
1954;White;1954;Brown v. Board Of Education                             
1954;White;1954;Brown v. Board Of Education                             
1954;White;1954;Brown v. Board Of Education                             
1954;Hispa;1954;Brown v. Board Of Education                             
1954;White;1954;Brown v. Board Of Education                             
1954;White;1954;Brown v. Board Of Education                             
1954;White;1954;Brown v. Board Of Education                             
1954;White;1954;Brown v. Board Of Education                             
1954;White;1954;Brown v. Board Of Education                             
1954;White;1954;Brown v. Board Of Education                             
1955;White;1955;Emmett Till                                             
1955;White;1955;Rosa Parks and the Montgomery Bus Boycott               
1955;White;1955;Emmett Till                                             
1955;White;1955;Rosa Parks and the Montgomery Bus Boycott               
1955;White;1955;Emmett Till                                             
1955;White;1955;Rosa Parks and the Montgomery Bus Boycott               
1955;White;1955;Emmett Till                                             
1955;White;1955;Rosa Parks and the Montgomery Bus Boycott               
1955;White;1955;Emmett Till                                             
1955;White;1955;Rosa Parks and the Montgomery Bus Boycott               
1955;White;1955;Emmett Till                                             
1955;White;1955;Rosa Parks and the Montgomery Bus Boycott               
1955;White;1955;Emmett Till                                             
1955;White;1955;Rosa Parks and the Montgomery Bus Boycott               
1955;White;1955;Emmett Till                                             
1955;White;1955;Rosa Parks and the Montgomery Bus Boycott               
1955;White;1955;Emmett Till                                             
1955;White;1955;Rosa Parks and the Montgomery Bus Boycott               
1955;White;1955;Emmett Till                                             
1955;White;1955;Rosa Parks and the Montgomery Bus Boycott               
1955;White;1955;Emmett Till                                             
1955;White;1955;Rosa Parks and the Montgomery Bus Boycott               
1955;White;1955;Emmett Till                                             
1955;White;1955;Rosa Parks and the Montgomery Bus Boycott               
1955;White;1955;Emmett Till                                             
1955;White;1955;Rosa Parks and the Montgomery Bus Boycott               
1955;White;1955;Emmett Till                                             
1955;White;1955;Rosa Parks and the Montgomery Bus Boycott               
1955;White;1955;Emmett Till                                             
1955;White;1955;Rosa Parks and the Montgomery Bus Boycott               
1955;White;1955;Emmett Till                                             
1955;White;1955;Rosa Parks and the Montgomery Bus Boycott               
1955;White;1955;Emmett Till                                             
1955;White;1955;Rosa Parks and the Montgomery Bus Boycott               
1955;White;1955;Emmett Till                                             
1955;White;1955;Rosa Parks and the Montgomery Bus Boycott               
1955;White;1955;Emmett Till                                             
1955;White;1955;Rosa Parks and the Montgomery Bus Boycott               
1955;White;1955;Emmett Till                                             
1955;White;1955;Rosa Parks and the Montgomery Bus Boycott               
1955;White;1955;Emmett Till                                             
1955;White;1955;Rosa Parks and the Montgomery Bus Boycott               
1955;White;1955;Emmett Till                                             
1955;White;1955;Rosa Parks and the Montgomery Bus Boycott               
1955;White;1955;Emmett Till                                             
1955;White;1955;Rosa Parks and the Montgomery Bus Boycott               
1955;White;1955;Emmett Till                                             
1955;White;1955;Rosa Parks and the Montgomery Bus Boycott               
1955;White;1955;Emmett Till                                             
1955;White;1955;Rosa Parks and the Montgomery Bus Boycott               
1956;White;;
1956;White;;
1956;White;;
1956;White;;
1956;White;;
1956;White;;
1956;Hispa;;
1956;White;;
1956;White;;
1956;White;;
1956;White;;
1956;White;;
1956;White;;
1956;White;;
1956;White;;
1956;White;;
1956;White;;
1956;White;;
1956;White;;
1956;White;;
1956;White;;
1956;White;;
1956;White;;
1956;White;;
1956;White;;
1957;White;1957;Central High School integrated                          
1957;White;1957;Central High School integrated                          
1957;Hispa;1957;Central High School integrated                          
1957;White;1957;Central High School integrated                          
1957;White;1957;Central High School integrated                          
1957;White;1957;Central High School integrated                          
1957;White;1957;Central High School integrated                          
1957;White;1957;Central High School integrated                          
1957;Asian;1957;Central High School integrated                          
1957;White;1957;Central High School integrated                          
1957;White;1957;Central High School integrated                          
1957;White;1957;Central High School integrated                          
1957;White;1957;Central High School integrated                          
1957;White;1957;Central High School integrated                          
1957;White;1957;Central High School integrated                          
1957;White;1957;Central High School integrated                          
1957;White;1957;Central High School integrated                          
1957;White;1957;Central High School integrated                          
1957;White;1957;Central High School integrated                          
1957;Asian;1957;Central High School integrated                          
1957;White;1957;Central High School integrated                          
1957;White;1957;Central High School integrated                          
1957;White;1957;Central High School integrated                          
1957;White;1957;Central High School integrated                          
1957;White;1957;Central High School integrated                          
1958;White;;
1958;White;;
1958;Black;;
1958;White;;
1958;White;;
1958;White;;
1958;White;;
1958;White;;
1958;White;;
1958;White;;
1958;White;;
1958;White;;
1958;White;;
1958;White;;
1958;White;;
1958;White;;
1958;White;;
1958;White;;
1958;White;;
1958;White;;
1958;White;;
1958;White;;
1958;White;;
1958;White;;
1958;White;;
1959;White;;
1959;White;;
1959;White;;
1959;White;;
1959;White;;
1959;White;;
1959;White;;
1959;White;;
1959;White;;
1959;White;;
1959;White;;
1959;White;;
1959;White;;
1959;White;;
1959;White;;
1959;White;;
1959;Black;;
1959;White;;
1959;White;;
1959;White;;
1959;White;;
1959;White;;
1959;White;;
1959;White;;
1959;White;;
1960;White;1960;Sitâ€“in movement and founding of SNCC                  
1960;White;1960;Sitâ€“in movement and founding of SNCC                  
1960;White;1960;Sitâ€“in movement and founding of SNCC                  
1960;White;1960;Sitâ€“in movement and founding of SNCC                  
1960;White;1960;Sitâ€“in movement and founding of SNCC                  
1960;White;1960;Sitâ€“in movement and founding of SNCC                  
1960;White;1960;Sitâ€“in movement and founding of SNCC                  
1960;White;1960;Sitâ€“in movement and founding of SNCC                  
1960;White;1960;Sitâ€“in movement and founding of SNCC                  
1960;White;1960;Sitâ€“in movement and founding of SNCC                  
1960;White;1960;Sitâ€“in movement and founding of SNCC                  
1960;White;1960;Sitâ€“in movement and founding of SNCC                  
1960;White;1960;Sitâ€“in movement and founding of SNCC                  
1960;White;1960;Sitâ€“in movement and founding of SNCC                  
1960;White;1960;Sitâ€“in movement and founding of SNCC                  
1960;White;1960;Sitâ€“in movement and founding of SNCC                  
1960;White;1960;Sitâ€“in movement and founding of SNCC                  
1960;White;1960;Sitâ€“in movement and founding of SNCC                  
1960;White;1960;Sitâ€“in movement and founding of SNCC                  
1960;White;1960;Sitâ€“in movement and founding of SNCC                  
1960;White;1960;Sitâ€“in movement and founding of SNCC                  
1960;White;1960;Sitâ€“in movement and founding of SNCC                  
1960;White;1960;Sitâ€“in movement and founding of SNCC                  
1960;White;1960;Sitâ€“in movement and founding of SNCC                  
1960;White;1960;Sitâ€“in movement and founding of SNCC                  
1961;White;1961;CORE and Freedom Rides                                  
1961;White;1961;CORE and Freedom Rides                                  
1961;White;1961;CORE and Freedom Rides                                  
1961;White;1961;CORE and Freedom Rides                                  
1961;White;1961;CORE and Freedom Rides                                  
1961;White;1961;CORE and Freedom Rides                                  
1961;White;1961;CORE and Freedom Rides                                  
1961;White;1961;CORE and Freedom Rides                                  
1961;White;1961;CORE and Freedom Rides                                  
1961;White;1961;CORE and Freedom Rides                                  
1961;White;1961;CORE and Freedom Rides                                  
1961;White;1961;CORE and Freedom Rides                                  
1961;White;1961;CORE and Freedom Rides                                  
1961;White;1961;CORE and Freedom Rides                                  
1961;White;1961;CORE and Freedom Rides                                  
1961;White;1961;CORE and Freedom Rides                                  
1961;White;1961;CORE and Freedom Rides                                  
1961;White;1961;CORE and Freedom Rides                                  
1961;Hispa;1961;CORE and Freedom Rides                                  
1961;White;1961;CORE and Freedom Rides                                  
1961;White;1961;CORE and Freedom Rides                                  
1961;White;1961;CORE and Freedom Rides                                  
1961;White;1961;CORE and Freedom Rides                                  
1961;White;1961;CORE and Freedom Rides                                  
1961;White;1961;CORE and Freedom Rides                                  
1961;White;1961;CORE and Freedom Rides                                  
1962;White;1962;Integration of Ole Miss                                 
1962;White;1962;Integration of Ole Miss                                 
1962;White;1962;Integration of Ole Miss                                 
1962;White;1962;Integration of Ole Miss                                 
1962;White;1962;Integration of Ole Miss                                 
1962;White;1962;Integration of Ole Miss                                 
1962;Arab ;1962;Integration of Ole Miss                                 
1962;White;1962;Integration of Ole Miss                                 
1962;White;1962;Integration of Ole Miss                                 
1962;White;1962;Integration of Ole Miss                                 
1962;White;1962;Integration of Ole Miss                                 
1962;White;1962;Integration of Ole Miss                                 
1962;White;1962;Integration of Ole Miss                                 
1962;White;1962;Integration of Ole Miss                                 
1962;White;1962;Integration of Ole Miss                                 
1962;White;1962;Integration of Ole Miss                                 
1962;White;1962;Integration of Ole Miss                                 
1962;White;1962;Integration of Ole Miss                                 
1962;White;1962;Integration of Ole Miss                                 
1962;White;1962;Integration of Ole Miss                                 
1962;White;1962;Integration of Ole Miss                                 
1962;White;1962;Integration of Ole Miss                                 
1962;White;1962;Integration of Ole Miss                                 
1962;White;1962;Integration of Ole Miss                                 
1962;White;1962;Integration of Ole Miss                                 
1963;White;1963;Birmingham church bombed                                
1963;White;1963;â€œI Have a Dreamâ€?                                    
1963;White;1963;Birmingham church bombed                                
1963;White;1963;â€œI Have a Dreamâ€?                                    
1963;White;1963;Birmingham church bombed                                
1963;White;1963;â€œI Have a Dreamâ€?                                    
1963;White;1963;Birmingham church bombed                                
1963;White;1963;â€œI Have a Dreamâ€?                                    
1963;Black;1963;Birmingham church bombed                                
1963;Black;1963;â€œI Have a Dreamâ€?                                    
1963;White;1963;Birmingham church bombed                                
1963;White;1963;â€œI Have a Dreamâ€?                                    
1963;White;1963;Birmingham church bombed                                
1963;White;1963;â€œI Have a Dreamâ€?                                    
1963;White;1963;Birmingham church bombed                                
1963;White;1963;â€œI Have a Dreamâ€?                                    
1963;White;1963;Birmingham church bombed                                
1963;White;1963;â€œI Have a Dreamâ€?                                    
1963;White;1963;Birmingham church bombed                                
1963;White;1963;â€œI Have a Dreamâ€?                                    
1963;White;1963;Birmingham church bombed                                
1963;White;1963;â€œI Have a Dreamâ€?                                    
1963;White;1963;Birmingham church bombed                                
1963;White;1963;â€œI Have a Dreamâ€?                                    
1963;White;1963;Birmingham church bombed                                
1963;White;1963;â€œI Have a Dreamâ€?                                    
1963;White;1963;Birmingham church bombed                                
1963;White;1963;â€œI Have a Dreamâ€?                                    
1963;White;1963;Birmingham church bombed                                
1963;White;1963;â€œI Have a Dreamâ€?                                    
1963;White;1963;Birmingham church bombed                                
1963;White;1963;â€œI Have a Dreamâ€?                                    
1963;White;1963;Birmingham church bombed                                
1963;White;1963;â€œI Have a Dreamâ€?                                    
1963;White;1963;Birmingham church bombed                                
1963;White;1963;â€œI Have a Dreamâ€?                                    
1963;White;1963;Birmingham church bombed                                
1963;White;1963;â€œI Have a Dreamâ€?                                    
1963;White;1963;Birmingham church bombed                                
1963;White;1963;â€œI Have a Dreamâ€?                                    
1963;White;1963;Birmingham church bombed                                
1963;White;1963;â€œI Have a Dreamâ€?                                    
1963;White;1963;Birmingham church bombed                                
1963;White;1963;â€œI Have a Dreamâ€?                                    
1963;White;1963;Birmingham church bombed                                
1963;White;1963;â€œI Have a Dreamâ€?                                    
1963;White;1963;Birmingham church bombed                                
1963;White;1963;â€œI Have a Dreamâ€?                                    
1963;White;1963;Birmingham church bombed                                
1963;White;1963;â€œI Have a Dreamâ€?                                    
1964;Hispa;1964;Civil Rights Act of 1964                                
1964;Hispa;1964;Freedom Summer and the â€œMississippi Burningâ€? murders
1964;White;1964;Civil Rights Act of 1964                                
1964;White;1964;Freedom Summer and the â€œMississippi Burningâ€? murders
1964;White;1964;Civil Rights Act of 1964                                
1964;White;1964;Freedom Summer and the â€œMississippi Burningâ€? murders
1964;White;1964;Civil Rights Act of 1964                                
1964;White;1964;Freedom Summer and the â€œMississippi Burningâ€? murders
1964;White;1964;Civil Rights Act of 1964                                
1964;White;1964;Freedom Summer and the â€œMississippi Burningâ€? murders
1964;White;1964;Civil Rights Act of 1964                                
1964;White;1964;Freedom Summer and the â€œMississippi Burningâ€? murders
1964;White;1964;Civil Rights Act of 1964                                
1964;White;1964;Freedom Summer and the â€œMississippi Burningâ€? murders
1964;White;1964;Civil Rights Act of 1964                                
1964;White;1964;Freedom Summer and the â€œMississippi Burningâ€? murders
1964;White;1964;Civil Rights Act of 1964                                
1964;White;1964;Freedom Summer and the â€œMississippi Burningâ€? murders
1964;White;1964;Civil Rights Act of 1964                                
1964;White;1964;Freedom Summer and the â€œMississippi Burningâ€? murders
1964;White;1964;Civil Rights Act of 1964                                
1964;White;1964;Freedom Summer and the â€œMississippi Burningâ€? murders
1964;White;1964;Civil Rights Act of 1964                                
1964;White;1964;Freedom Summer and the â€œMississippi Burningâ€? murders
1964;White;1964;Civil Rights Act of 1964                                
1964;White;1964;Freedom Summer and the â€œMississippi Burningâ€? murders
1964;White;1964;Civil Rights Act of 1964                                
1964;White;1964;Freedom Summer and the â€œMississippi Burningâ€? murders
1964;White;1964;Civil Rights Act of 1964                                
1964;White;1964;Freedom Summer and the â€œMississippi Burningâ€? murders
1964;White;1964;Civil Rights Act of 1964                                
1964;White;1964;Freedom Summer and the â€œMississippi Burningâ€? murders
1964;White;1964;Civil Rights Act of 1964                                
1964;White;1964;Freedom Summer and the â€œMississippi Burningâ€? murders
1964;White;1964;Civil Rights Act of 1964                                
1964;White;1964;Freedom Summer and the â€œMississippi Burningâ€? murders
1964;White;1964;Civil Rights Act of 1964                                
1964;White;1964;Freedom Summer and the â€œMississippi Burningâ€? murders
1964;White;1964;Civil Rights Act of 1964                                
1964;White;1964;Freedom Summer and the â€œMississippi Burningâ€? murders
1964;White;1964;Civil Rights Act of 1964                                
1964;White;1964;Freedom Summer and the â€œMississippi Burningâ€? murders
1964;White;1964;Civil Rights Act of 1964                                
1964;White;1964;Freedom Summer and the â€œMississippi Burningâ€? murders
1964;White;1964;Civil Rights Act of 1964                                
1964;White;1964;Freedom Summer and the â€œMississippi Burningâ€? murders
1964;White;1964;Civil Rights Act of 1964                                
1964;White;1964;Freedom Summer and the â€œMississippi Burningâ€? murders
1964;White;1964;Civil Rights Act of 1964                                
1964;White;1964;Freedom Summer and the â€œMississippi Burningâ€? murders
1965;White;1965;Selma to Montgomery march                               
1965;White;1965;Malcolm X shot to death                                 
1965;White;1965;Voting Rights Act of 1965                               
1965;White;1965;Selma to Montgomery march                               
1965;White;1965;Malcolm X shot to death                                 
1965;White;1965;Voting Rights Act of 1965                               
1965;White;1965;Selma to Montgomery march                               
1965;White;1965;Malcolm X shot to death                                 
1965;White;1965;Voting Rights Act of 1965                               
1965;White;1965;Selma to Montgomery march                               
1965;White;1965;Malcolm X shot to death                                 
1965;White;1965;Voting Rights Act of 1965                               
1965;White;1965;Selma to Montgomery march                               
1965;White;1965;Malcolm X shot to death                                 
1965;White;1965;Voting Rights Act of 1965                               
1965;White;1965;Selma to Montgomery march                               
1965;White;1965;Malcolm X shot to death                                 
1965;White;1965;Voting Rights Act of 1965                               
1965;White;1965;Selma to Montgomery march                               
1965;White;1965;Malcolm X shot to death                                 
1965;White;1965;Voting Rights Act of 1965                               
1965;White;1965;Selma to Montgomery march                               
1965;White;1965;Malcolm X shot to death                                 
1965;White;1965;Voting Rights Act of 1965                               
1965;White;1965;Selma to Montgomery march                               
1965;White;1965;Malcolm X shot to death                                 
1965;White;1965;Voting Rights Act of 1965                               
1965;White;1965;Selma to Montgomery march                               
1965;White;1965;Malcolm X shot to death                                 
1965;White;1965;Voting Rights Act of 1965                               
1965;White;1965;Selma to Montgomery march                               
1965;White;1965;Malcolm X shot to death                                 
1965;White;1965;Voting Rights Act of 1965                               
1965;White;1965;Selma to Montgomery march                               
1965;White;1965;Malcolm X shot to death                                 
1965;White;1965;Voting Rights Act of 1965                               
1965;White;1965;Selma to Montgomery march                               
1965;White;1965;Malcolm X shot to death                                 
1965;White;1965;Voting Rights Act of 1965                               
1965;White;1965;Selma to Montgomery march                               
1965;White;1965;Malcolm X shot to death                                 
1965;White;1965;Voting Rights Act of 1965                               
1965;White;1965;Selma to Montgomery march                               
1965;White;1965;Malcolm X shot to death                                 
1965;White;1965;Voting Rights Act of 1965                               
1965;White;1965;Selma to Montgomery march                               
1965;White;1965;Malcolm X shot to death                                 
1965;White;1965;Voting Rights Act of 1965                               
1965;White;1965;Selma to Montgomery march                               
1965;White;1965;Malcolm X shot to death                                 
1965;White;1965;Voting Rights Act of 1965                               
1965;White;1965;Selma to Montgomery march                               
1965;White;1965;Malcolm X shot to death                                 
1965;White;1965;Voting Rights Act of 1965                               
1965;White;1965;Selma to Montgomery march                               
1965;White;1965;Malcolm X shot to death                                 
1965;White;1965;Voting Rights Act of 1965                               
1965;White;1965;Selma to Montgomery march                               
1965;White;1965;Malcolm X shot to death                                 
1965;White;1965;Voting Rights Act of 1965                               
1965;White;1965;Selma to Montgomery march                               
1965;White;1965;Malcolm X shot to death                                 
1965;White;1965;Voting Rights Act of 1965                               
1965;Asian;1965;Selma to Montgomery march                               
1965;Asian;1965;Malcolm X shot to death                                 
1965;Asian;1965;Voting Rights Act of 1965                               
1965;White;1965;Selma to Montgomery march                               
1965;White;1965;Malcolm X shot to death                                 
1965;White;1965;Voting Rights Act of 1965                               
1965;White;1965;Selma to Montgomery march                               
1965;White;1965;Malcolm X shot to death                                 
1965;White;1965;Voting Rights Act of 1965                               
1965;White;1965;Selma to Montgomery march                               
1965;White;1965;Malcolm X shot to death                                 
1965;White;1965;Voting Rights Act of 1965                               
1966;White;;
1966;White;;
1966;White;;
1966;White;;
1966;White;;
1966;White;;
1966;White;;
1966;Asian;;
1966;White;;
1966;White;;
1966;White;;
1966;White;;
1966;White;;
1966;White;;
1966;White;;
1966;White;;
1966;Indig;;
1966;White;;
1966;White;;
1966;White;;
1966;White;;
1966;White;;
1966;White;;
1966;White;;
1966;White;;
1967;White;;
1967;White;;
1967;White;;
1967;White;;
1967;White;;
1967;White;;
1967;White;;
1967;White;;
1967;White;;
1967;White;;
1967;White;;
1967;White;;
1967;White;;
1967;White;;
1967;White;;
1967;Black;;
1967;Black;;
1967;White;;
1967;White;;
1967;White;;
1967;White;;
1967;White;;
1967;White;;
1967;White;;
1967;White;;
1968;White;1968;Fair Housing Act                                        
1968;White;1968;MLK assassinated                                        
1968;White;1968;Fair Housing Act                                        
1968;White;1968;MLK assassinated                                        
1968;White;1968;Fair Housing Act                                        
1968;White;1968;MLK assassinated                                        
1968;White;1968;Fair Housing Act                                        
1968;White;1968;MLK assassinated                                        
1968;White;1968;Fair Housing Act                                        
1968;White;1968;MLK assassinated                                        
1968;White;1968;Fair Housing Act                                        
1968;White;1968;MLK assassinated                                        
1968;White;1968;Fair Housing Act                                        
1968;White;1968;MLK assassinated                                        
1968;White;1968;Fair Housing Act                                        
1968;White;1968;MLK assassinated                                        
1968;White;1968;Fair Housing Act                                        
1968;White;1968;MLK assassinated                                        
1968;White;1968;Fair Housing Act                                        
1968;White;1968;MLK assassinated                                        
1968;White;1968;Fair Housing Act                                        
1968;White;1968;MLK assassinated                                        
1968;White;1968;Fair Housing Act                                        
1968;White;1968;MLK assassinated                                        
1968;White;1968;Fair Housing Act                                        
1968;White;1968;MLK assassinated                                        
1968;White;1968;Fair Housing Act                                        
1968;White;1968;MLK assassinated                                        
1968;White;1968;Fair Housing Act                                        
1968;White;1968;MLK assassinated                                        
1968;White;1968;Fair Housing Act                                        
1968;White;1968;MLK assassinated                                        
1968;White;1968;Fair Housing Act                                        
1968;White;1968;MLK assassinated                                        
1968;White;1968;Fair Housing Act                                        
1968;White;1968;MLK assassinated                                        
1968;White;1968;Fair Housing Act                                        
1968;White;1968;MLK assassinated                                        
1968;White;1968;Fair Housing Act                                        
1968;White;1968;MLK assassinated                                        
1968;White;1968;Fair Housing Act                                        
1968;White;1968;MLK assassinated                                        
1968;White;1968;Fair Housing Act                                        
1968;White;1968;MLK assassinated                                        
1968;White;1968;Fair Housing Act                                        
1968;White;1968;MLK assassinated                                        
1968;White;1968;Fair Housing Act                                        
1968;White;1968;MLK assassinated                                        
1968;White;1968;Fair Housing Act                                        
1968;White;1968;MLK assassinated                                        
1969;White;;
1969;White;;
1969;White;;
1969;White;;
1969;White;;
1969;White;;
1969;White;;
1969;White;;
1969;White;;
1969;Black;;
1969;White;;
1969;White;;
1969;White;;
1969;White;;
1969;White;;
1969;White;;
1969;White;;
1969;White;;
1969;White;;
1969;White;;
1969;White;;
1969;White;;
1969;White;;
1969;White;;
1969;White;;
1970;White;;
1970;White;;
1970;Black;;
1970;White;;
1970;White;;
1970;Indig;;
1970;White;;
1970;White;;
1970;White;;
1970;White;;
1970;White;;
1970;White;;
1970;White;;
1970;White;;
1970;White;;
1970;White;;
1970;White;;
1970;White;;
1970;White;;
1970;White;;
1970;White;;
1970;White;;
1970;White;;
1970;White;;
1970;White;;
1971;White;;
1971;White;;
1971;White;;
1971;White;;
1971;White;;
1971;White;;
1971;White;;
1971;White;;
1971;White;;
1971;White;;
1971;White;;
1971;White;;
1971;White;;
1971;White;;
1971;White;;
1971;White;;
1971;White;;
1971;White;;
1971;White;;
1971;White;;
1971;White;;
1971;White;;
1971;White;;
1971;White;;
1971;White;;
1972;White;1972;Shirley Chisholm runs for president                     
1972;White;1972;Shirley Chisholm runs for president                     
1972;White;1972;Shirley Chisholm runs for president                     
1972;Black;1972;Shirley Chisholm runs for president                     
1972;White;1972;Shirley Chisholm runs for president                     
1972;White;1972;Shirley Chisholm runs for president                     
1972;White;1972;Shirley Chisholm runs for president                     
1972;White;1972;Shirley Chisholm runs for president                     
1972;White;1972;Shirley Chisholm runs for president                     
1972;White;1972;Shirley Chisholm runs for president                     
1972;Black;1972;Shirley Chisholm runs for president                     
1972;Black;1972;Shirley Chisholm runs for president                     
1972;White;1972;Shirley Chisholm runs for president                     
1972;White;1972;Shirley Chisholm runs for president                     
1972;White;1972;Shirley Chisholm runs for president                     
1972;White;1972;Shirley Chisholm runs for president                     
1972;White;1972;Shirley Chisholm runs for president                     
1972;White;1972;Shirley Chisholm runs for president                     
1972;White;1972;Shirley Chisholm runs for president                     
1972;White;1972;Shirley Chisholm runs for president                     
1972;White;1972;Shirley Chisholm runs for president                     
1972;White;1972;Shirley Chisholm runs for president                     
1972;White;1972;Shirley Chisholm runs for president                     
1972;White;1972;Shirley Chisholm runs for president                     
1972;White;1972;Shirley Chisholm runs for president                     
1973;White;;
1973;White;;
1973;White;;
1973;White;;
1973;White;;
1973;White;;
1973;White;;
1973;White;;
1973;White;;
1973;White;;
1973;White;;
1973;White;;
1973;White;;
1973;White;;
1973;White;;
1973;White;;
1973;White;;
1973;White;;
1973;White;;
1973;White;;
1973;White;;
1973;White;;
1973;White;;
1973;White;;
1973;White;;
1974;White;;
1974;White;;
1974;White;;
1974;White;;
1974;White;;
1974;White;;
1974;White;;
1974;White;;
1974;White;;
1974;White;;
1974;Black;;
1974;White;;
1974;White;;
1974;White;;
1974;White;;
1974;White;;
1974;White;;
1974;White;;
1974;White;;
1974;White;;
1974;White;;
1974;White;;
1974;White;;
1974;White;;
1974;White;;
1975;White;;
1975;White;;
1975;White;;
1975;White;;
1975;White;;
1975;White;;
1975;White;;
1975;White;;
1975;White;;
1975;White;;
1975;White;;
1975;White;;
1975;White;;
1975;Arab ;;
1975;White;;
1975;White;;
1975;White;;
1975;White;;
1975;White;;
1975;White;;
1975;White;;
1975;White;;
1975;White;;
1975;White;;
1975;White;;
1976;White;;
1976;White;;
1976;White;;
1976;White;;
1976;White;;
1976;White;;
1976;White;;
1976;White;;
1976;White;;
1976;White;;
1976;White;;
1976;White;;
1976;White;;
1976;White;;
1976;White;;
1976;White;;
1976;White;;
1976;White;;
1976;White;;
1976;White;;
1976;White;;
1976;White;;
1976;White;;
1976;White;;
1976;White;;
1977;White;;
1977;White;;
1977;White;;
1977;White;;
1977;White;;
1977;White;;
1977;White;;
1977;White;;
1977;White;;
1977;White;;
1977;White;;
1977;White;;
1977;White;;
1977;White;;
1977;White;;
1977;White;;
1977;White;;
1977;White;;
1977;White;;
1977;White;;
1977;White;;
1977;White;;
1977;White;;
1977;White;;
1977;White;;
1978;White;1978;The Bakke decision and affirmative action               
1978;White;1978;The Bakke decision and affirmative action               
1978;White;1978;The Bakke decision and affirmative action               
1978;White;1978;The Bakke decision and affirmative action               
1978;White;1978;The Bakke decision and affirmative action               
1978;White;1978;The Bakke decision and affirmative action               
1978;White;1978;The Bakke decision and affirmative action               
1978;White;1978;The Bakke decision and affirmative action               
1978;White;1978;The Bakke decision and affirmative action               
1978;White;1978;The Bakke decision and affirmative action               
1978;White;1978;The Bakke decision and affirmative action               
1978;White;1978;The Bakke decision and affirmative action               
1978;White;1978;The Bakke decision and affirmative action               
1978;White;1978;The Bakke decision and affirmative action               
1978;White;1978;The Bakke decision and affirmative action               
1978;White;1978;The Bakke decision and affirmative action               
1978;White;1978;The Bakke decision and affirmative action               
1978;White;1978;The Bakke decision and affirmative action               
1978;White;1978;The Bakke decision and affirmative action               
1978;White;1978;The Bakke decision and affirmative action               
1978;White;1978;The Bakke decision and affirmative action               
1978;White;1978;The Bakke decision and affirmative action               
1978;White;1978;The Bakke decision and affirmative action               
1978;White;1978;The Bakke decision and affirmative action               
1978;White;1978;The Bakke decision and affirmative action               
1978;White;1978;The Bakke decision and affirmative action               
1979;White;;
1979;White;;
1979;White;;
1979;White;;
1979;White;;
1979;White;;
1979;White;;
1979;White;;
1979;White;;
1979;White;;
1979;White;;
1979;White;;
1979;White;;
1979;White;;
1979;White;;
1979;White;;
1979;White;;
1979;White;;
1979;White;;
1979;White;;
1979;White;;
1979;White;;
1979;White;;
1979;White;;
1979;White;;
1980;White;;
1980;White;;
1980;White;;
1980;White;;
1980;White;;
1980;White;;
1980;White;;
1980;White;;
1980;White;;
1980;White;;
1980;White;;
1980;White;;
1980;White;;
1980;White;;
1980;White;;
1980;White;;
1980;White;;
1980;White;;
1980;White;;
1980;White;;
1980;White;;
1980;White;;
1980;White;;
1980;White;;
1980;White;;
1981;White;;
1981;White;;
1981;White;;
1981;White;;
1981;White;;
1981;White;;
1981;White;;
1981;White;;
1981;White;;
1981;Black;;
1981;White;;
1981;White;;
1981;White;;
1981;White;;
1981;White;;
1981;White;;
1981;White;;
1981;White;;
1981;White;;
1981;White;;
1981;White;;
1981;White;;
1981;White;;
1981;White;;
1981;White;;
1982;White;;
1982;Asian;;
1982;White;;
1982;White;;
1982;White;;
1982;White;;
1982;Black;;
1982;White;;
1982;White;;
1982;White;;
1982;White;;
1982;White;;
1982;White;;
1982;White;;
1982;White;;
1982;White;;
1982;White;;
1982;White;;
1982;White;;
1982;White;;
1982;White;;
1982;White;;
1982;White;;
1982;White;;
1982;White;;
1983;White;;
1983;White;;
1983;White;;
1983;White;;
1983;White;;
1983;White;;
1983;White;;
1983;White;;
1983;White;;
1983;White;;
1983;White;;
1983;White;;
1983;White;;
1983;White;;
1983;White;;
1983;White;;
1983;White;;
1983;White;;
1983;White;;
1983;Black;;
1983;White;;
1983;White;;
1983;White;;
1983;White;;
1983;White;;
1984;White;1984;Jesse Jackson galvanizes black voters                   
1984;White;1984;Jesse Jackson galvanizes black voters                   
1984;White;1984;Jesse Jackson galvanizes black voters                   
1984;White;1984;Jesse Jackson galvanizes black voters                   
1984;White;1984;Jesse Jackson galvanizes black voters                   
1984;Black;1984;Jesse Jackson galvanizes black voters                   
1984;White;1984;Jesse Jackson galvanizes black voters                   
1984;Asian;1984;Jesse Jackson galvanizes black voters                   
1984;Asian;1984;Jesse Jackson galvanizes black voters                   
1984;White;1984;Jesse Jackson galvanizes black voters                   
1984;White;1984;Jesse Jackson galvanizes black voters                   
1984;White;1984;Jesse Jackson galvanizes black voters                   
1984;White;1984;Jesse Jackson galvanizes black voters                   
1984;White;1984;Jesse Jackson galvanizes black voters                   
1984;White;1984;Jesse Jackson galvanizes black voters                   
1984;White;1984;Jesse Jackson galvanizes black voters                   
1984;White;1984;Jesse Jackson galvanizes black voters                   
1984;White;1984;Jesse Jackson galvanizes black voters                   
1984;White;1984;Jesse Jackson galvanizes black voters                   
1984;White;1984;Jesse Jackson galvanizes black voters                   
1984;White;1984;Jesse Jackson galvanizes black voters                   
1984;White;1984;Jesse Jackson galvanizes black voters                   
1984;White;1984;Jesse Jackson galvanizes black voters                   
1984;White;1984;Jesse Jackson galvanizes black voters                   
1984;White;1984;Jesse Jackson galvanizes black voters                   
1985;White;;
1985;White;;
1985;White;;
1985;White;;
1985;White;;
1985;White;;
1985;White;;
1985;White;;
1985;White;;
1985;White;;
1985;White;;
1985;Black;;
1985;White;;
1985;White;;
1985;White;;
1985;Black;;
1985;White;;
1985;White;;
1985;Asian;;
1985;Black;;
1985;Asian;;
1985;Hispa;;
1985;White;;
1985;White;;
1985;White;;
1986;Black;1986;Oprah Winfrey launches syndicated talk show             
1986;White;1986;Oprah Winfrey launches syndicated talk show             
1986;White;1986;Oprah Winfrey launches syndicated talk show             
1986;White;1986;Oprah Winfrey launches syndicated talk show             
1986;White;1986;Oprah Winfrey launches syndicated talk show             
1986;White;1986;Oprah Winfrey launches syndicated talk show             
1986;White;1986;Oprah Winfrey launches syndicated talk show             
1986;White;1986;Oprah Winfrey launches syndicated talk show             
1986;White;1986;Oprah Winfrey launches syndicated talk show             
1986;White;1986;Oprah Winfrey launches syndicated talk show             
1986;White;1986;Oprah Winfrey launches syndicated talk show             
1986;White;1986;Oprah Winfrey launches syndicated talk show             
1986;White;1986;Oprah Winfrey launches syndicated talk show             
1986;White;1986;Oprah Winfrey launches syndicated talk show             
1986;White;1986;Oprah Winfrey launches syndicated talk show             
1986;White;1986;Oprah Winfrey launches syndicated talk show             
1986;White;1986;Oprah Winfrey launches syndicated talk show             
1986;White;1986;Oprah Winfrey launches syndicated talk show             
1986;White;1986;Oprah Winfrey launches syndicated talk show             
1986;White;1986;Oprah Winfrey launches syndicated talk show             
1986;White;1986;Oprah Winfrey launches syndicated talk show             
1986;White;1986;Oprah Winfrey launches syndicated talk show             
1986;White;1986;Oprah Winfrey launches syndicated talk show             
1986;White;1986;Oprah Winfrey launches syndicated talk show             
1986;White;1986;Oprah Winfrey launches syndicated talk show             
1987;White;;
1987;White;;
1987;White;;
1987;White;;
1987;White;;
1987;White;;
1987;White;;
1987;Black;;
1987;White;;
1987;Black;;
1987;White;;
1987;White;;
1987;White;;
1987;White;;
1987;White;;
1987;Hispa;;
1987;White;;
1987;White;;
1987;White;;
1987;White;;
1987;White;;
1987;White;;
1987;White;;
1987;White;;
1987;White;;
1988;White;;
1988;White;;
1988;White;;
1988;Black;;
1988;White;;
1988;White;;
1988;White;;
1988;White;;
1988;White;;
1988;White;;
1988;White;;
1988;White;;
1988;White;;
1988;White;;
1988;White;;
1988;White;;
1988;White;;
1988;White;;
1988;White;;
1988;White;;
1988;White;;
1988;White;;
1988;White;;
1988;White;;
1988;White;;
1989;White;;
1989;White;;
1989;White;;
1989;Black;;
1989;White;;
1989;White;;
1989;White;;
1989;White;;
1989;White;;
1989;Black;;
1989;Arab ;;
1989;White;;
1989;White;;
1989;White;;
1989;White;;
1989;White;;
1989;White;;
1989;White;;
1989;White;;
1989;White;;
1989;White;;
1989;White;;
1989;White;;
1989;White;;
1989;White;;
1990;White;;
1990;White;;
1990;White;;
1990;White;;
1990;White;;
1990;White;;
1990;Hispa;;
1990;White;;
1990;White;;
1990;White;;
1990;White;;
1990;White;;
1990;White;;
1990;White;;
1990;White;;
1990;White;;
1990;White;;
1990;Black;;
1990;White;;
1990;White;;
1990;Arab ;;
1990;White;;
1990;White;;
1990;White;;
1990;White;;
1991;White;;
1991;White;;
1991;White;;
1991;White;;
1991;White;;
1991;White;;
1991;White;;
1991;Asian;;
1991;White;;
1991;White;;
1991;White;;
1991;White;;
1991;White;;
1991;White;;
1991;White;;
1991;White;;
1991;White;;
1991;White;;
1991;White;;
1991;White;;
1991;White;;
1991;Black;;
1991;White;;
1991;White;;
1991;White;;
1992;White;1992;Los Angeles riots                                       
1992;White;1992;Los Angeles riots                                       
1992;White;1992;Los Angeles riots                                       
1992;White;1992;Los Angeles riots                                       
1992;Black;1992;Los Angeles riots                                       
1992;Black;1992;Los Angeles riots                                       
1992;White;1992;Los Angeles riots                                       
1992;White;1992;Los Angeles riots                                       
1992;White;1992;Los Angeles riots                                       
1992;White;1992;Los Angeles riots                                       
1992;White;1992;Los Angeles riots                                       
1992;White;1992;Los Angeles riots                                       
1992;White;1992;Los Angeles riots                                       
1992;White;1992;Los Angeles riots                                       
1992;White;1992;Los Angeles riots                                       
1992;White;1992;Los Angeles riots                                       
1992;White;1992;Los Angeles riots                                       
1992;White;1992;Los Angeles riots                                       
1992;White;1992;Los Angeles riots                                       
1992;White;1992;Los Angeles riots                                       
1992;White;1992;Los Angeles riots                                       
1992;White;1992;Los Angeles riots                                       
1992;White;1992;Los Angeles riots                                       
1992;Irish;1992;Los Angeles riots                                       
1992;White;1992;Los Angeles riots                                       
1993;White;;
1993;Black;;
1993;White;;
1993;White;;
1993;White;;
1993;White;;
1993;White;;
1993;White;;
1993;White;;
1993;White;;
1993;Black;;
1993;White;;
1993;White;;
1993;White;;
1993;White;;
1993;White;;
1993;White;;
1993;Hispa;;
1993;White;;
1993;White;;
1993;White;;
1993;White;;
1993;White;;
1993;White;;
1993;White;;
1994;Black;;
1994;White;;
1994;White;;
1994;White;;
1994;White;;
1994;Black;;
1994;White;;
1994;White;;
1994;White;;
1994;White;;
1994;White;;
1994;White;;
1994;White;;
1994;White;;
1994;White;;
1994;White;;
1994;White;;
1994;White;;
1994;Asian;;
1994;White;;
1994;White;;
1994;White;;
1994;White;;
1994;White;;
1994;White;;
1995;White;1995;Million Man March                                       
1995;White;1995;Million Man March                                       
1995;White;1995;Million Man March                                       
1995;White;1995;Million Man March                                       
1995;White;1995;Million Man March                                       
1995;White;1995;Million Man March                                       
1995;White;1995;Million Man March                                       
1995;White;1995;Million Man March                                       
1995;White;1995;Million Man March                                       
1995;White;1995;Million Man March                                       
1995;White;1995;Million Man March                                       
1995;White;1995;Million Man March                                       
1995;White;1995;Million Man March                                       
1995;White;1995;Million Man March                                       
1995;White;1995;Million Man March                                       
1995;White;1995;Million Man March                                       
1995;White;1995;Million Man March                                       
1995;White;1995;Million Man March                                       
1995;White;1995;Million Man March                                       
1995;White;1995;Million Man March                                       
1995;White;1995;Million Man March                                       
1995;White;1995;Million Man March                                       
1995;White;1995;Million Man March                                       
1995;White;1995;Million Man March                                       
1995;White;1995;Million Man March                                       
1996;White;;
1996;White;;
1996;White;;
1996;White;;
1996;White;;
1996;Black;;
1996;White;;
1996;White;;
1996;White;;
1996;White;;
1996;White;;
1996;White;;
1996;White;;
1996;White;;
1996;White;;
1996;White;;
1996;White;;
1996;White;;
1996;White;;
1996;Black;;
1996;White;;
1996;White;;
1996;White;;
1996;White;;
1996;White;;
1997;White;;
1997;White;;
1997;White;;
1997;White;;
1997;White;;
1997;White;;
1997;White;;
1997;White;;
1997;White;;
1997;White;;
1997;White;;
1997;White;;
1997;White;;
1997;White;;
1997;White;;
1997;White;;
1997;White;;
1997;White;;
1997;White;;
1997;White;;
1997;Arab ;;
1997;White;;
1997;White;;
1997;White;;
1997;White;;
1998;White;;
1998;White;;
1998;White;;
1998;White;;
1998;White;;
1998;White;;
1998;White;;
1998;White;;
1998;White;;
1998;White;;
1998;White;;
1998;Hispa;;
1998;White;;
1998;White;;
1998;White;;
1998;White;;
1998;White;;
1998;White;;
1998;White;;
1998;White;;
1998;White;;
1998;White;;
1998;White;;
1998;White;;
1998;White;;
1999;White;;
1999;White;;
1999;White;;
1999;White;;
1999;Black;;
1999;White;;
1999;White;;
1999;Black;;
1999;White;;
1999;White;;
1999;White;;
1999;White;;
1999;White;;
1999;White;;
1999;White;;
1999;White;;
1999;White;;
1999;White;;
1999;White;;
1999;White;;
1999;White;;
1999;Indo ;;
1999;White;;
1999;White;;
1999;White;;
2000;White;;
2000;White;;
2000;White;;
2000;White;;
2000;White;;
2000;White;;
2000;White;;
2000;Hispa;;
2000;White;;
2000;White;;
2000;White;;
2000;White;;
2000;White;;
2000;White;;
2000;White;;
2000;White;;
2000;White;;
2000;White;;
2000;White;;
2000;White;;
2000;Asian;;
2000;White;;
2000;White;;
2000;White;;
2000;White;;
2001;White;2001;Colin Powell becomes secretary of state                 
2001;White;2001;Colin Powell becomes secretary of state                 
2001;Black;2001;Colin Powell becomes secretary of state                 
2001;Black;2001;Colin Powell becomes secretary of state                 
2001;White;2001;Colin Powell becomes secretary of state                 
2001;White;2001;Colin Powell becomes secretary of state                 
2001;White;2001;Colin Powell becomes secretary of state                 
2001;Asian;2001;Colin Powell becomes secretary of state                 
2001;White;2001;Colin Powell becomes secretary of state                 
2001;White;2001;Colin Powell becomes secretary of state                 
2001;Black;2001;Colin Powell becomes secretary of state                 
2001;White;2001;Colin Powell becomes secretary of state                 
2001;White;2001;Colin Powell becomes secretary of state                 
2001;White;2001;Colin Powell becomes secretary of state                 
2001;White;2001;Colin Powell becomes secretary of state                 
2001;White;2001;Colin Powell becomes secretary of state                 
2001;White;2001;Colin Powell becomes secretary of state                 
2001;White;2001;Colin Powell becomes secretary of state                 
2001;White;2001;Colin Powell becomes secretary of state                 
2001;White;2001;Colin Powell becomes secretary of state                 
2001;White;2001;Colin Powell becomes secretary of state                 
2001;White;2001;Colin Powell becomes secretary of state                 
2001;White;2001;Colin Powell becomes secretary of state                 
2001;White;2001;Colin Powell becomes secretary of state                 
2001;White;2001;Colin Powell becomes secretary of state                 
2002;White;;
2002;White;;
2002;White;;
2002;White;;
2002;White;;
2002;White;;
2002;White;;
2002;White;;
2002;White;;
2002;White;;
2002;Hispa;;
2002;White;;
2002;White;;
2002;White;;
2002;White;;
2002;White;;
2002;White;;
2002;Black;;
2002;White;;
2002;White;;
2002;White;;
2002;White;;
2002;White;;
2002;White;;
2002;White;;
2003;White;;
2003;Asian;;
2003;White;;
2003;White;;
2003;White;;
2003;White;;
2003;Hispa;;
2003;Black;;
2003;White;;
2003;Asian;;
2003;White;;
2003;White;;
2003;White;;
2003;White;;
2003;White;;
2003;Arab ;;
2003;White;;
2003;White;;
2003;White;;
2003;White;;
2003;White;;
2003;White;;
2003;White;;
2003;White;;
2003;White;;
2004;Black;;
2004;White;;
2004;White;;
2004;White;;
2004;Black;;
2004;White;;
2004;White;;
2004;Black;;
2004;Black;;
2004;White;;
2004;White;;
2004;Hispa;;
2004;White;;
2004;White;;
2004;White;;
2004;White;;
2004;White;;
2004;White;;
2004;Black;;
2004;White;;
2004;White;;
2004;White;;
2004;White;;
2004;White;;
2004;White;;
2005;White;;
2005;Black;;
2005;White;;
2005;White;;
2005;White;;
2005;White;;
2005;White;;
2005;White;;
2005;White;;
2005;White;;
2005;White;;
2005;White;;
2005;White;;
2005;White;;
2005;White;;
2005;White;;
2005;White;;
2005;White;;
2005;White;;
2005;White;;
2005;Asian;;
2005;White;;
2005;White;;
2005;White;;
2005;White;;
2006;White;;
2006;White;;
2006;White;;
2006;Black;;
2006;Black;;
2006;White;;
2006;White;;
2006;Black;;
2006;Black;;
2006;White;;
2006;White;;
2006;White;;
2006;White;;
2006;White;;
2006;White;;
2006;Hispa;;
2006;White;;
2006;White;;
2006;Black;;
2006;Asian;;
2006;White;;
2006;White;;
2006;White;;
2006;White;;
2006;White;;
2007;White;;
2007;White;;
2007;White;;
2007;White;;
2007;White;;
2007;White;;
2007;White;;
2007;White;;
2007;White;;
2007;White;;
2007;White;;
2007;White;;
2007;White;;
2007;White;;
2007;White;;
2007;White;;
2007;Black;;
2007;White;;
2007;White;;
2007;White;;
2007;White;;
2007;White;;
2007;White;;
2007;White;;
2007;White;;
2008;White;2008;Barack Obama becomes 44th U.S. president                
2008;White;2008;Barack Obama becomes 44th U.S. president                
2008;White;2008;Barack Obama becomes 44th U.S. president                
2008;White;2008;Barack Obama becomes 44th U.S. president                
2008;White;2008;Barack Obama becomes 44th U.S. president                
2008;White;2008;Barack Obama becomes 44th U.S. president                
2008;White;2008;Barack Obama becomes 44th U.S. president                
2008;White;2008;Barack Obama becomes 44th U.S. president                
2008;White;2008;Barack Obama becomes 44th U.S. president                
2008;White;2008;Barack Obama becomes 44th U.S. president                
2008;White;2008;Barack Obama becomes 44th U.S. president                
2008;White;2008;Barack Obama becomes 44th U.S. president                
2008;White;2008;Barack Obama becomes 44th U.S. president                
2008;White;2008;Barack Obama becomes 44th U.S. president                
2008;White;2008;Barack Obama becomes 44th U.S. president                
2008;White;2008;Barack Obama becomes 44th U.S. president                
2008;White;2008;Barack Obama becomes 44th U.S. president                
2008;Black;2008;Barack Obama becomes 44th U.S. president                
2008;Black;2008;Barack Obama becomes 44th U.S. president                
2008;White;2008;Barack Obama becomes 44th U.S. president                
2008;White;2008;Barack Obama becomes 44th U.S. president                
2008;White;2008;Barack Obama becomes 44th U.S. president                
2008;White;2008;Barack Obama becomes 44th U.S. president                
2008;White;2008;Barack Obama becomes 44th U.S. president                
2008;White;2008;Barack Obama becomes 44th U.S. president                
2009;White;;
2009;White;;
2009;White;;
2009;Black;;
2009;White;;
2009;White;;
2009;White;;
2009;White;;
2009;White;;
2009;White;;
2009;White;;
2009;White;;
2009;White;;
2009;Black;;
2009;White;;
2009;White;;
2009;White;;
2009;White;;
2009;White;;
2009;Black;;
2009;White;;
2009;White;;
2009;White;;
2009;Black;;
2009;White;;
2010;White;;
2010;White;;
2010;White;;
2010;White;;
2010;White;;
2010;White;;
2010;White;;
2010;White;;
2010;White;;
2010;White;;
2010;White;;
2010;White;;
2010;White;;
2010;White;;
2010;White;;
2010;White;;
2010;White;;
2010;White;;
2010;White;;
2010;White;;
2010;White;;
2010;White;;
2010;White;;
2010;White;;
2010;White;;
2011;Hispa;;
2011;White;;
2011;White;;
2011;White;;
2011;White;;
2011;White;;
2011;White;;
2011;White;;
2011;White;;
2011;White;;
2011;White;;
2011;Black;;
2011;White;;
2011;White;;
2011;White;;
2011;Hispa;;
2011;White;;
2011;White;;
2011;White;;
2011;Black;;
2011;White;;
2011;White;;
2011;White;;
2011;White;;
2011;White;;
2012;White;;
2012;White;;
2012;White;;
2012;White;;
2012;Black;;
2012;White;;
2012;White;;
2012;White;;
2012;White;;
2012;White;;
2012;White;;
2012;White;;
2012;White;;
2012;Black;;
2012;White;;
2012;White;;
2012;White;;
2012;White;;
2012;White;;
2012;White;;
2012;Asian;;
2012;White;;
2012;White;;
2012;White;;
2012;White;;
2013;White;;
2013;White;;
2013;White;;
2013;Black;;
2013;White;;
2013;Black;;
2013;White;;
2013;White;;
2013;White;;
2013;White;;
2013;White;;
2013;White;;
2013;White;;
2013;White;;
2013;White;;
2013;White;;
2013;White;;
2013;Black;;
2013;White;;
2013;White;;
2013;White;;
2013;White;;
2013;White;;
2013;White;;
2013;White;;
2014;White;;
2014;White;;
2014;White;;
2014;White;;
2014;White;;
2014;White;;
2014;White;;
2014;White;;
2014;White;;
2014;White;;
2014;White;;
2014;White;;
2014;White;;
2014;White;;
2014;White;;
2014;White;;
2014;White;;
2014;White;;
2014;White;;
2014;White;;
2014;White;;
2014;White;;
2014;White;;
2014;White;;
2014;White;;
2015;White;;
2015;White;;
2015;White;;
2015;White;;
2015;White;;
2015;White;;
2015;White;;
2015;White;;
2015;White;;
2015;White;;
2015;White;;
2015;White;;
2015;White;;
2015;White;;
2015;White;;
2015;White;;
2015;White;;
2015;White;;
2015;White;;
2015;White;;
2015;White;;
2015;White;;
2015;White;;
2015;Irish;;
2015;White;;
